id,stock_code,stock_name,strategy,strategy_id,start_date,end_date,initial_capital,final_equity,total_return_pct,annual_return_pct,sharpe,max_drawdown_pct,win_rate_pct,total_trades,annual_vol,calmar,benchmark_return_pct,excess_return_pct,created_at
87,603629,利通电子,双均线交叉,5,2025-06-20,2026-06-20,100000.0,486570.54079099995,386.57,419.73,3.38,32.58,20.0,5,70.39,12.88,28.47,358.11,2026-06-20 21:21:10.043535
47,001309,德明利,双均线交叉,5,2025-06-20,2026-06-16,100000.0,461313.4385749999,361.31,391.66,2.6,27.44,60.0,5,78.73,14.27,26.97,334.34,2026-06-20 20:56:04.373528
51,001309,德明利,双均线交叉,5,2025-06-20,2026-06-16,100000.0,461313.4385749999,361.31,391.66,2.6,27.44,60.0,5,78.73,14.27,26.97,334.34,2026-06-20 20:58:24.676044
49,001309,德明利,MACD金叉死叉,6,2025-06-20,2026-06-16,100000.0,371582.0219199999,271.58,292.47,2.6,21.86,75.0,8,78.73,13.38,26.97,244.61,2026-06-20 20:57:52.824466
39,603986,兆易创新,双均线交叉,5,2025-06-20,2026-06-20,100000.0,326261.786419,226.26,242.74,2.74,36.76,40.0,5,63.96,6.6,0.0,226.26,2026-06-20 15:36:32.126003
40,603986,兆易创新,双均线交叉,5,2025-06-20,2026-06-20,100000.0,326261.786419,226.26,242.74,2.74,36.76,40.0,5,63.96,6.6,0.0,226.26,2026-06-20 15:39:35.164776
41,603986,兆易创新,双均线交叉,5,2025-06-20,2026-06-20,100000.0,326261.786419,226.26,242.74,2.74,36.76,40.0,5,63.96,6.6,0.0,226.26,2026-06-20 15:39:38.195510
46,601138,工业富联,双均线交叉,5,2025-01-01,2026-06-20,100000.0,316974.29128999996,216.97,127.97,1.82,34.0,37.5,8,57.56,3.76,0.0,216.97,2026-06-20 15:55:52.396967
154,000007,全新好,双均线交叉,5,2024-06-01,2026-06-16,100000.0,303364.0298969999,203.36,75.55,1.38,26.29,41.7,12,46.25,2.87,36.1,167.27,2026-06-21 21:54:52.505859
48,001309,德明利,海龟交易法则,7,2025-06-20,2026-06-16,100000.0,253117.03705699992,153.12,163.1,2.6,21.09,71.4,7,78.73,7.73,26.97,126.14,2026-06-20 20:56:27.689007
42,603986,兆易创新,MACD金叉死叉,6,2025-06-20,2026-06-20,100000.0,238115.05128900005,138.12,146.88,2.74,24.34,44.4,9,63.96,6.03,0.0,138.12,2026-06-20 15:39:38.251359
45,603986,兆易创新,海龟交易法则,7,2025-06-20,2026-06-20,100000.0,204876.23570200003,104.88,111.09,2.74,28.48,60.0,5,63.96,3.9,0.0,104.88,2026-06-20 15:39:38.386657
85,688256,寒武纪,RSI超买超卖,2,2025-06-20,2026-06-20,100000.0,177494.8155,77.49,81.79,1.46,18.48,100.0,3,80.69,4.43,28.47,49.03,2026-06-20 21:20:15.669902
153,000007,全新好,MACD金叉死叉,6,2024-06-01,2026-06-16,100000.0,175568.814388,75.57,33.03,1.38,42.37,37.5,16,46.25,0.78,36.1,39.47,2026-06-21 21:54:52.504827
1,600519,贵州茅台,双均线信号策略,1,2023-01-03,2024-01-02,100000.0,175511.86,75.51,52.13,1.25,-8.5,0.6,4,0.18,0.85,3.2,72.31,2026-06-19 14:38:57
38,603986,兆易创新,海龟交易法则,7,2026-01-20,2026-06-16,100000.0,173805.786794,73.81,321.86,2.59,11.24,,0,69.68,28.63,0.0,73.81,2026-06-20 15:33:28.533647
3,000858,五粮液,双均线信号策略,1,2023-01-03,2024-01-02,100000.0,169882.06,69.88,48.25,1.36,-10.28,0.5,8,0.19,0.62,3.15,67.47,2026-06-18 14:41:46
146,000519,中兵红箭,布林带突破,3,2024-06-01,2026-06-16,100000.0,167739.17508899997,67.74,29.92,0.65,15.59,88.9,9,44.12,1.92,36.1,31.64,2026-06-21 21:54:52.502827
33,603986,兆易创新,双均线交叉,5,2026-01-20,2026-06-16,100000.0,165886.94479599997,65.89,273.62,2.59,12.2,0.0,1,69.68,22.44,0.0,65.89,2026-06-20 15:32:48.012144
34,603986,兆易创新,双均线交叉,5,2026-01-20,2026-06-16,100000.0,165886.94479599997,65.89,273.62,2.59,12.2,0.0,1,69.68,22.44,0.0,65.89,2026-06-20 15:33:28.323032
149,000420,吉林化纤,布林带突破,3,2024-06-01,2026-06-16,100000.0,160705.11498999997,60.71,27.14,0.44,14.37,100.0,5,44.75,1.89,36.1,24.61,2026-06-21 21:54:52.503827
145,000519,中兵红箭,双均线交叉,5,2024-06-01,2026-06-16,100000.0,160166.2540720001,60.17,26.92,0.65,21.81,33.3,12,44.12,1.23,36.1,24.07,2026-06-21 21:54:52.502827
122,000008,神州高铁,布林带突破,3,2024-06-01,2026-06-16,100000.0,160043.681174,60.04,26.87,0.41,13.56,83.3,6,44.97,1.98,36.1,23.95,2026-06-21 21:54:50.398982
156,000010,*ST美丽,MACD金叉死叉,6,2024-06-01,2026-06-16,100000.0,151645.67424699996,51.65,23.51,0.45,32.75,38.9,18,58.65,0.72,36.1,15.55,2026-06-21 21:54:52.505859
5,600036,招商银行,双均线信号策略,1,2023-01-03,2024-01-02,100000.0,149315.21,49.32,34.05,0.99,-8.51,0.5,8,0.18,0.56,3.39,46.9,2026-06-16 14:41:46
2,600519,贵州茅台,双均线信号策略,1,2023-01-03,2024-01-02,100000.0,148305.1,48.31,33.35,1.46,-7.84,0.6,7,0.18,0.83,3.55,45.84,2026-06-19 14:41:46
4,601318,中国平安,双均线信号策略,1,2023-01-03,2024-01-02,100000.0,148284.14,48.28,33.34,1.48,-11.72,0.5,7,0.16,0.5,4.14,45.16,2026-06-17 14:41:46
86,603629,利通电子,RSI超买超卖,2,2025-06-20,2026-06-20,100000.0,147676.783412,47.68,50.1,3.38,5.32,100.0,2,70.39,9.42,28.47,19.21,2026-06-20 21:20:58.970861
104,000030,富奥股份,布林带突破,3,2024-06-01,2026-06-16,100000.0,147473.92157399995,47.47,21.73,-0.27,12.83,66.7,9,32.1,1.69,36.1,11.38,2026-06-21 21:54:48.450130
35,603986,兆易创新,MACD金叉死叉,6,2026-01-20,2026-06-16,100000.0,146897.435519,46.9,172.23,2.59,24.57,33.3,3,69.68,7.01,0.0,46.9,2026-06-20 15:33:28.376067
155,000007,全新好,布林带突破,3,2024-06-01,2026-06-16,100000.0,145536.085361,45.54,20.96,1.38,13.96,87.5,8,46.25,1.5,36.1,9.44,2026-06-21 21:54:52.505859
43,603986,兆易创新,RSI超买超卖,2,2025-06-20,2026-06-20,100000.0,143952.501851,43.95,46.15,2.74,7.49,100.0,3,63.96,6.16,0.0,43.95,2026-06-20 15:39:38.296163
83,688256,寒武纪,海龟交易法则,7,2025-06-20,2026-06-20,100000.0,143238.93751299998,43.24,45.4,1.46,40.05,50.0,4,80.69,1.13,28.47,14.77,2026-06-20 21:20:00.350561
150,000020,深华发Ａ,MACD金叉死叉,6,2024-06-01,2026-06-16,100000.0,140417.27524099994,40.42,18.74,0.31,38.12,53.3,15,50.86,0.49,36.1,4.32,2026-06-21 21:54:52.503827
90,000002,万  科Ａ,海龟交易法则,7,2024-01-01,2024-12-31,1000000.0,1398176.91841,39.82,41.38,-0.57,10.97,100.0,2,45.95,3.77,16.2,23.62,2026-06-20 22:10:08.573940
44,603986,兆易创新,布林带突破,3,2025-06-20,2026-06-20,100000.0,139209.068089,39.21,41.14,2.74,7.51,100.0,2,63.96,5.48,0.0,39.21,2026-06-20 15:39:38.340533
119,000060,中金岭南,布林带突破,3,2024-06-01,2026-06-16,100000.0,133493.75251999998,33.49,15.74,0.88,11.67,100.0,8,38.54,1.35,36.1,-2.6,2026-06-21 21:54:50.398982
50,001309,德明利,布林带突破,3,2025-06-20,2026-06-16,100000.0,133375.9693,33.38,34.99,2.6,3.03,100.0,2,78.73,11.56,26.97,6.4,2026-06-20 20:58:10.845933
92,PORTFOLIO,短期反转选股,短期反转选股,9,2024-01-01,2024-12-31,1000000.0,1329303.29,32.93,34.19,0.91,-24.52,50.6,13,38.3,1.39,16.2,16.73,2026-06-20 22:10:30.769684
144,000519,中兵红箭,MACD金叉死叉,6,2024-06-01,2026-06-16,100000.0,129753.33711499994,29.75,14.09,0.65,20.74,31.6,19,44.12,0.68,36.1,-6.35,2026-06-21 21:54:52.502827
37,603986,兆易创新,布林带突破,3,2026-01-20,2026-06-16,100000.0,128494.80269099999,28.49,92.11,2.59,3.14,100.0,1,69.68,29.38,0.0,28.49,2026-06-20 15:33:28.486273
131,689009,九号公司-WD,布林带突破,3,2024-06-01,2026-06-16,100000.0,125283.98340300002,25.28,12.08,0.08,28.26,75.0,8,43.78,0.43,36.1,-10.81,2026-06-21 21:54:50.403494
52,301218,华是科技,双均线交叉,5,2023-06-21,2026-06-20,100000.0,124691.38557899997,24.69,9.85,0.52,40.08,33.3,15,64.04,0.25,27.89,-3.2,2026-06-20 21:00:17.941022
93,PORTFOLIO,低波动选股,低波动选股,10,2024-01-01,2024-12-31,1000000.0,1232480.44,23.25,24.1,1.03,-16.53,55.2,5,21.24,1.46,16.2,7.05,2026-06-20 22:10:40.371713
157,000010,*ST美丽,双均线交叉,5,2024-06-01,2026-06-16,100000.0,122055.5809099999,22.06,10.64,0.45,40.32,22.2,18,58.65,0.26,36.1,-14.04,2026-06-21 21:54:52.506858
126,000016,*ST康佳A,MACD金叉死叉,6,2024-06-01,2026-06-16,100000.0,120198.89636400007,20.2,9.99,0.37,55.58,23.5,17,63.68,0.18,36.1,-15.9,2026-06-21 21:54:50.400486
36,603986,兆易创新,RSI超买超卖,2,2026-01-20,2026-06-16,100000.0,119455.76752000001,19.46,58.88,2.59,3.17,100.0,1,69.68,18.57,0.0,19.46,2026-06-20 15:33:28.440176
23,601113,华鼎股份,RSI超买超卖,2,2024-10-25,2026-06-19,100000.0,119180.74648300001,19.18,11.65,0.37,21.89,100.0,5,34.99,0.53,0.0,19.18,2026-06-19 18:36:05.230978
24,601113,华鼎股份,RSI超买超卖,2,2024-10-25,2026-06-19,100000.0,119180.74648300001,19.18,11.65,0.37,21.89,100.0,5,34.99,0.53,0.0,19.18,2026-06-19 18:36:16.679745
28,601138,工业富联,布林带突破,3,2025-06-19,2026-06-19,100000.0,118506.921749,18.51,19.26,2.4,17.96,66.7,3,61.35,1.07,0.0,18.51,2026-06-19 19:45:54.662889
29,601138,工业富联,布林带突破,3,2025-06-20,2026-06-20,100000.0,118506.921749,18.51,19.35,2.43,17.96,66.7,3,61.45,1.08,0.0,18.51,2026-06-20 15:23:53.432202
137,000088,盐 田 港,布林带突破,3,2024-06-01,2026-06-16,100000.0,116565.63889800003,16.57,8.07,-0.14,7.06,66.7,9,22.74,1.14,36.1,-19.53,2026-06-21 21:54:50.405494
117,000060,中金岭南,MACD金叉死叉,6,2024-06-01,2026-06-16,100000.0,116410.26144199997,16.41,7.99,0.88,26.64,38.9,18,38.54,0.3,36.1,-19.69,2026-06-21 21:54:48.452127
148,000420,吉林化纤,双均线交叉,5,2024-06-01,2026-06-16,100000.0,115305.14349799992,15.31,7.47,0.44,32.15,42.9,14,44.75,0.23,36.1,-20.79,2026-06-21 21:54:52.503827
118,000060,中金岭南,双均线交叉,5,2024-06-01,2026-06-16,100000.0,115175.44381499998,15.18,7.41,0.88,24.93,35.3,17,38.54,0.3,36.1,-20.92,2026-06-21 21:54:48.453127
106,000035,中国天楹,双均线交叉,5,2024-06-01,2026-06-16,100000.0,112224.447094,12.22,6.01,0.14,30.42,33.3,15,38.98,0.2,36.1,-23.87,2026-06-21 21:54:48.450130
147,000420,吉林化纤,MACD金叉死叉,6,2024-06-01,2026-06-16,100000.0,112131.8123650001,12.13,5.97,0.44,26.36,45.0,20,44.75,0.23,36.1,-23.97,2026-06-21 21:54:52.503827
125,000156,华数传媒,布林带突破,3,2024-06-01,2026-06-16,100000.0,111859.87301900002,11.86,5.84,0.12,17.89,88.9,9,35.82,0.33,36.1,-24.24,2026-06-21 21:54:50.400486
21,601138,工业富联,RSI超买超卖,2,2025-06-19,2026-06-19,100000.0,111780.855136,11.78,12.25,2.4,17.86,100.0,2,61.35,0.69,0.0,11.78,2026-06-19 18:32:26.367064
22,601138,工业富联,RSI超买超卖,2,2025-06-19,2026-06-19,100000.0,111780.855136,11.78,12.25,2.4,17.86,100.0,2,61.35,0.69,0.0,11.78,2026-06-19 18:32:46.605241
27,601138,工业富联,RSI超买超卖,2,2025-06-19,2026-06-19,100000.0,111780.855136,11.78,12.25,2.4,17.86,100.0,2,61.35,0.69,0.0,11.78,2026-06-19 19:45:47.548661
31,601138,工业富联,RSI超买超卖,2,2025-06-20,2026-06-20,100000.0,111780.855136,11.78,12.3,2.43,17.86,100.0,2,61.45,0.69,0.0,11.78,2026-06-20 15:29:14.813761
134,000019,深粮控股,布林带突破,3,2024-06-01,2026-06-16,100000.0,108835.13452800008,8.84,4.38,0.09,22.6,75.0,8,30.67,0.19,36.1,-27.26,2026-06-21 21:54:50.404494
97,PORTFOLIO,盾+矛全天候,盾+矛全天候,13,2024-01-01,2024-12-31,1000000.0,1087068.93,8.71,9.01,0.38,-19.33,51.0,13,26.46,0.47,16.2,-7.49,2026-06-20 22:11:26.388829
152,000020,深华发Ａ,布林带突破,3,2024-06-01,2026-06-16,100000.0,108376.70018900001,8.38,4.16,0.31,22.06,57.1,7,50.86,0.19,36.1,-27.72,2026-06-21 21:54:52.504827
116,000012,南  玻Ａ,布林带突破,3,2024-06-01,2026-06-16,100000.0,106823.623914,6.82,3.4,-0.28,13.9,77.8,9,28.8,0.24,36.1,-29.27,2026-06-21 21:54:48.452127
95,PORTFOLIO,三因子均衡,三因子均衡,11,2024-01-01,2024-12-31,1000000.0,1067814.12,6.78,7.01,0.31,-21.31,50.6,13,27.45,0.33,16.2,-9.42,2026-06-20 22:11:03.204050
96,PORTFOLIO,极致小市值,极致小市值,12,2024-01-01,2024-12-31,1000000.0,1047827.76,4.78,4.94,0.27,-30.99,53.1,13,39.08,0.16,16.2,-11.42,2026-06-20 22:11:14.389628
128,000016,*ST康佳A,布林带突破,3,2024-06-01,2026-06-16,100000.0,103842.53743199998,3.84,1.97,0.37,37.2,66.7,6,63.68,0.05,36.1,-32.26,2026-06-21 21:54:50.401491
99,000002,万  科Ａ,MACD金叉死叉,6,2024-06-01,2026-06-16,100000.0,103200.453877,3.2,1.61,-1.17,29.25,17.6,17,37.71,0.05,36.1,-32.9,2026-06-21 21:54:48.444078
91,PORTFOLIO,小市值选股,小市值选股,8,2024-01-01,2024-12-31,1000000.0,1029239.91,2.92,3.02,0.22,-33.6,54.4,13,39.58,0.09,16.2,-13.28,2026-06-20 22:10:19.607940
98,VOTING,技术投票模型,技术指标投票模型,14,2024-01-01,2024-12-31,1000000.0,1016172.2,1.62,1.67,0.08,-17.16,44.4,273,18.87,0.1,16.2,-14.58,2026-06-20 22:11:27.278874
71,VOTING,技术投票模型,技术指标投票模型,14,2024-01-01,2024-03-01,1000000.0,1015646.27,1.56,10.75,1.71,-0.96,10.8,10,5.05,11.15,4.47,-2.91,2026-06-20 21:08:34.933082
81,VOTING,技术投票模型,技术指标投票模型,14,2024-01-01,2024-03-01,1000000.0,1015646.27,1.56,10.75,1.71,-0.96,10.8,10,5.05,11.15,4.47,-2.91,2026-06-20 21:09:13.749688
123,000156,华数传媒,MACD金叉死叉,6,2024-06-01,2026-06-16,100000.0,101524.77793599998,1.52,0.77,0.12,23.39,25.0,20,35.82,0.03,36.1,-34.57,2026-06-21 21:54:50.400486
30,PORTFOLIO,低换手选股,低换手选股,4,2023-06-21,2026-06-20,100000.0,100000.0,0.0,0.0,0.0,0.0,0.0,0,0.0,0.0,0.0,0.0,2026-06-20 15:26:17.397868
55,PORTFOLIO,小市值选股,小市值选股,8,2024-01-01,2024-03-01,1000000.0,1000000.0,0.0,0.0,0.0,0.0,0.0,0,0.0,0.0,4.47,-4.47,2026-06-20 21:07:23.098953
56,PORTFOLIO,短期反转选股,短期反转选股,9,2024-01-01,2024-03-01,1000000.0,1000000.0,0.0,0.0,0.0,0.0,0.0,0,0.0,0.0,4.47,-4.47,2026-06-20 21:07:24.547134
57,PORTFOLIO,低波动选股,低波动选股,10,2024-01-01,2024-03-01,1000000.0,1000000.0,0.0,0.0,0.0,0.0,0.0,0,0.0,0.0,4.47,-4.47,2026-06-20 21:07:25.828284
58,PORTFOLIO,低换手选股,低换手选股,4,2024-01-01,2024-03-01,1000000.0,1000000.0,0.0,0.0,0.0,0.0,0.0,0,0.0,0.0,4.47,-4.47,2026-06-20 21:07:27.139446
59,PORTFOLIO,三因子均衡,三因子均衡,11,2024-01-01,2024-03-01,1000000.0,1000000.0,0.0,0.0,0.0,0.0,0.0,0,0.0,0.0,4.47,-4.47,2026-06-20 21:07:28.427005
60,PORTFOLIO,极致小市值,极致小市值,12,2024-01-01,2024-03-01,1000000.0,1000000.0,0.0,0.0,0.0,0.0,0.0,0,0.0,0.0,4.47,-4.47,2026-06-20 21:07:29.918546
61,PORTFOLIO,盾+矛全天候,盾+矛全天候,13,2024-01-01,2024-03-01,1000000.0,1000000.0,0.0,0.0,0.0,0.0,0.0,0,0.0,0.0,4.47,-4.47,2026-06-20 21:07:31.275801
64,PORTFOLIO,小市值选股,小市值选股,8,2024-01-01,2024-03-01,1000000.0,1000000.0,0.0,0.0,0.0,0.0,0.0,0,0.0,0.0,4.47,-4.47,2026-06-20 21:08:26.633389
65,PORTFOLIO,短期反转选股,短期反转选股,9,2024-01-01,2024-03-01,1000000.0,1000000.0,0.0,0.0,0.0,0.0,0.0,0,0.0,0.0,4.47,-4.47,2026-06-20 21:08:28.068026
66,PORTFOLIO,低波动选股,低波动选股,10,2024-01-01,2024-03-01,1000000.0,1000000.0,0.0,0.0,0.0,0.0,0.0,0,0.0,0.0,4.47,-4.47,2026-06-20 21:08:29.331909
67,PORTFOLIO,低换手选股,低换手选股,4,2024-01-01,2024-03-01,1000000.0,1000000.0,0.0,0.0,0.0,0.0,0.0,0,0.0,0.0,4.47,-4.47,2026-06-20 21:08:30.653438
68,PORTFOLIO,三因子均衡,三因子均衡,11,2024-01-01,2024-03-01,1000000.0,1000000.0,0.0,0.0,0.0,0.0,0.0,0,0.0,0.0,4.47,-4.47,2026-06-20 21:08:31.934391
69,PORTFOLIO,极致小市值,极致小市值,12,2024-01-01,2024-03-01,1000000.0,1000000.0,0.0,0.0,0.0,0.0,0.0,0,0.0,0.0,4.47,-4.47,2026-06-20 21:08:33.465573
70,PORTFOLIO,盾+矛全天候,盾+矛全天候,13,2024-01-01,2024-03-01,1000000.0,1000000.0,0.0,0.0,0.0,0.0,0.0,0,0.0,0.0,4.47,-4.47,2026-06-20 21:08:34.841728
74,PORTFOLIO,小市值选股,小市值选股,8,2024-01-01,2024-03-01,1000000.0,1000000.0,0.0,0.0,0.0,0.0,0.0,0,0.0,0.0,4.47,-4.47,2026-06-20 21:09:05.513880
75,PORTFOLIO,短期反转选股,短期反转选股,9,2024-01-01,2024-03-01,1000000.0,1000000.0,0.0,0.0,0.0,0.0,0.0,0,0.0,0.0,4.47,-4.47,2026-06-20 21:09:06.954702
76,PORTFOLIO,低波动选股,低波动选股,10,2024-01-01,2024-03-01,1000000.0,1000000.0,0.0,0.0,0.0,0.0,0.0,0,0.0,0.0,4.47,-4.47,2026-06-20 21:09:08.231299
77,PORTFOLIO,低换手选股,低换手选股,4,2024-01-01,2024-03-01,1000000.0,1000000.0,0.0,0.0,0.0,0.0,0.0,0,0.0,0.0,4.47,-4.47,2026-06-20 21:09:09.547453
78,PORTFOLIO,三因子均衡,三因子均衡,11,2024-01-01,2024-03-01,1000000.0,1000000.0,0.0,0.0,0.0,0.0,0.0,0,0.0,0.0,4.47,-4.47,2026-06-20 21:09:10.816864
79,PORTFOLIO,极致小市值,极致小市值,12,2024-01-01,2024-03-01,1000000.0,1000000.0,0.0,0.0,0.0,0.0,0.0,0,0.0,0.0,4.47,-4.47,2026-06-20 21:09:12.301637
80,PORTFOLIO,盾+矛全天候,盾+矛全天候,13,2024-01-01,2024-03-01,1000000.0,1000000.0,0.0,0.0,0.0,0.0,0.0,0,0.0,0.0,4.47,-4.47,2026-06-20 21:09:13.657148
82,PORTFOLIO,盾+矛全天候,盾+矛全天候,13,2025-06-20,2026-06-20,100000.0,100000.0,0.0,0.0,0.0,0.0,0.0,0,0.0,0.0,28.47,-28.47,2026-06-20 21:19:44.446606
18,000089,深圳机场,RSI超买超卖,2,2024-10-25,2026-06-18,100000.0,99815.93804200001,-0.18,-0.12,-0.3,13.77,75.0,4,18.04,-0.01,0.0,-0.18,2026-06-19 15:54:16.000971
19,000089,深圳机场,RSI超买超卖,2,2024-10-25,2026-06-18,100000.0,99815.93804200001,-0.18,-0.12,-0.3,13.77,75.0,4,18.04,-0.01,0.0,-0.18,2026-06-19 15:54:34.623209
20,000089,深圳机场,RSI超买超卖,2,2024-10-25,2026-06-18,100000.0,99815.93804200001,-0.18,-0.12,-0.3,13.77,75.0,4,18.04,-0.01,0.0,-0.18,2026-06-19 15:54:53.140996
139,000027,深圳能源,双均线交叉,5,2024-06-01,2026-06-16,100000.0,99768.60481599999,-0.23,-0.12,0.09,23.88,31.3,16,28.52,0.0,36.1,-36.33,2026-06-21 21:54:52.500827
140,000027,深圳能源,布林带突破,3,2024-06-01,2026-06-16,100000.0,99703.069611,-0.3,-0.15,0.09,18.6,42.9,7,28.52,-0.01,36.1,-36.4,2026-06-21 21:54:52.501827
138,000027,深圳能源,MACD金叉死叉,6,2024-06-01,2026-06-16,100000.0,99655.89066400002,-0.34,-0.17,0.09,23.05,47.1,17,28.52,-0.01,36.1,-36.44,2026-06-21 21:54:50.405494
53,000001,平安银行,双均线交叉,5,2024-01-01,2024-06-01,1000000.0,996182.6834599999,-0.38,-0.97,1.93,5.85,0.0,2,25.61,-0.17,5.72,-6.1,2026-06-20 21:07:21.486477
62,000001,平安银行,双均线交叉,5,2024-01-01,2024-06-01,1000000.0,996182.6834599999,-0.38,-0.97,1.93,5.85,0.0,2,25.61,-0.17,5.72,-6.1,2026-06-20 21:08:25.036900
72,000001,平安银行,双均线交叉,5,2024-01-01,2024-06-01,1000000.0,996182.6834599999,-0.38,-0.97,1.93,5.85,0.0,2,25.61,-0.17,5.72,-6.1,2026-06-20 21:09:03.938534
94,PORTFOLIO,低换手选股,低换手选股,4,2024-01-01,2024-12-31,1000000.0,989891.04,-1.01,-1.04,0.05,-23.2,51.9,5,30.63,-0.04,16.2,-17.21,2026-06-20 22:10:49.855104
32,000089,深圳机场,RSI超买超卖,2,2025-06-20,2026-06-20,100000.0,98731.45383399999,-1.27,-1.32,-0.53,9.14,66.7,3,16.09,-0.14,0.0,-1.27,2026-06-20 15:29:25.033530
112,000009,中国宝安,双均线交叉,5,2024-06-01,2026-06-16,100000.0,97939.095493,-2.06,-1.05,-0.32,31.73,23.1,13,35.63,-0.03,36.1,-38.16,2026-06-21 21:54:48.452127
89,000001,平安银行,双均线交叉,5,2024-01-01,2024-12-31,1000000.0,978795.8528399995,-2.12,-2.19,1.0,15.92,25.0,8,26.4,-0.14,16.2,-18.32,2026-06-20 22:10:08.525175
151,000020,深华发Ａ,双均线交叉,5,2024-06-01,2026-06-16,100000.0,97591.43371299998,-2.41,-1.23,0.31,40.85,30.8,13,50.86,-0.03,36.1,-38.51,2026-06-21 21:54:52.504827
25,601138,工业富联,RSI超买超卖,2,2024-10-25,2025-06-19,100000.0,97378.152578,-2.62,-4.12,-0.54,29.19,50.0,2,46.15,-0.14,0.0,-2.62,2026-06-19 19:04:29.889051
26,601138,工业富联,RSI超买超卖,2,2024-10-25,2025-06-19,100000.0,97378.152578,-2.62,-4.12,-0.54,29.19,50.0,2,46.15,-0.14,0.0,-2.62,2026-06-19 19:17:01.249322
54,000001,平安银行,海龟交易法则,7,2024-01-01,2024-06-01,1000000.0,971492.6705999998,-2.85,-7.11,1.93,8.94,0.0,1,25.61,-0.8,5.72,-8.57,2026-06-20 21:07:21.532280
63,000001,平安银行,海龟交易法则,7,2024-01-01,2024-06-01,1000000.0,971492.6705999998,-2.85,-7.11,1.93,8.94,0.0,1,25.61,-0.8,5.72,-8.57,2026-06-20 21:08:25.083212
73,000001,平安银行,海龟交易法则,7,2024-01-01,2024-06-01,1000000.0,971492.6705999998,-2.85,-7.11,1.93,8.94,0.0,1,25.61,-0.8,5.72,-8.57,2026-06-20 21:09:03.984999
88,PORTFOLIO,三因子均衡,三因子均衡,11,2024-01-01,2024-06-01,1000000.0,949165.25,-5.08,-12.46,-0.43,-21.31,49.5,5,27.25,-0.58,5.72,-10.8,2026-06-20 21:28:32.793705
105,000035,中国天楹,MACD金叉死叉,6,2024-06-01,2026-06-16,100000.0,93580.78948699986,-6.42,-3.3,0.14,28.13,33.3,21,38.98,-0.12,36.1,-42.52,2026-06-21 21:54:48.450130
124,000156,华数传媒,双均线交叉,5,2024-06-01,2026-06-16,100000.0,92956.43804300002,-7.04,-3.63,0.12,38.12,26.7,15,35.82,-0.1,36.1,-43.14,2026-06-21 21:54:50.400486
113,000009,中国宝安,布林带突破,3,2024-06-01,2026-06-16,100000.0,92941.209361,-7.06,-3.64,-0.32,21.97,50.0,8,35.63,-0.17,36.1,-43.16,2026-06-21 21:54:48.452127
84,688256,寒武纪,双均线交叉,5,2025-06-20,2026-06-20,100000.0,88786.05302299997,-11.21,-11.65,1.46,36.53,14.3,7,80.69,-0.32,28.47,-39.68,2026-06-20 21:20:05.665609
143,000552,甘肃能化,布林带突破,3,2024-06-01,2026-06-16,100000.0,88011.294371,-11.99,-6.38,-0.58,26.8,50.0,6,31.36,-0.24,36.1,-48.09,2026-06-21 21:54:52.502827
107,000035,中国天楹,布林带突破,3,2024-06-01,2026-06-16,100000.0,85557.74118599998,-14.44,-7.59,0.14,25.53,80.0,5,38.98,-0.3,36.1,-50.54,2026-06-21 21:54:48.451129
110,000028,国药一致,布林带突破,3,2024-06-01,2026-06-16,100000.0,85033.492976,-14.97,-7.88,-1.02,22.1,62.5,8,23.59,-0.36,36.1,-51.07,2026-06-21 21:54:48.451129
115,000012,南  玻Ａ,双均线交叉,5,2024-06-01,2026-06-16,100000.0,84807.23900800005,-15.19,-8.0,-0.28,26.12,46.7,15,28.8,-0.31,36.1,-51.29,2026-06-21 21:54:48.452127
129,689009,九号公司-WD,MACD金叉死叉,6,2024-06-01,2026-06-16,100000.0,84728.41550100001,-15.27,-8.04,0.08,36.65,31.6,19,43.78,-0.22,36.1,-51.37,2026-06-21 21:54:50.402495
103,000030,富奥股份,双均线交叉,5,2024-06-01,2026-06-16,100000.0,83409.56906499992,-16.59,-8.77,-0.27,28.52,23.5,17,32.1,-0.31,36.1,-52.69,2026-06-21 21:54:48.450130
133,000019,深粮控股,双均线交叉,5,2024-06-01,2026-06-16,100000.0,83186.479853,-16.81,-8.9,0.09,23.4,21.1,19,30.67,-0.38,36.1,-52.91,2026-06-21 21:54:50.403494
100,000002,万  科Ａ,双均线交叉,5,2024-06-01,2026-06-16,100000.0,82486.79345200001,-17.51,-9.28,-1.17,38.35,26.7,15,37.71,-0.24,36.1,-53.61,2026-06-21 21:54:48.449082
120,000008,神州高铁,MACD金叉死叉,6,2024-06-01,2026-06-16,100000.0,82014.267325,-17.99,-9.55,0.41,43.75,25.0,20,44.97,-0.22,36.1,-54.08,2026-06-21 21:54:50.398982
108,000028,国药一致,MACD金叉死叉,6,2024-06-01,2026-06-16,100000.0,81888.32793,-18.11,-9.62,-1.02,25.55,35.3,17,23.59,-0.38,36.1,-54.21,2026-06-21 21:54:48.451129
109,000028,国药一致,双均线交叉,5,2024-06-01,2026-06-16,100000.0,81716.70294399998,-18.28,-9.71,-1.02,32.55,30.8,13,23.59,-0.3,36.1,-54.38,2026-06-21 21:54:48.451129
136,000088,盐 田 港,双均线交叉,5,2024-06-01,2026-06-16,100000.0,80716.98804400001,-19.28,-10.27,-0.14,29.71,20.0,20,22.74,-0.35,36.1,-55.38,2026-06-21 21:54:50.404494
127,000016,*ST康佳A,双均线交叉,5,2024-06-01,2026-06-16,100000.0,80322.15545799996,-19.68,-10.72,0.37,65.56,20.0,15,63.68,-0.16,36.1,-55.78,2026-06-21 21:54:50.401491
135,000088,盐 田 港,MACD金叉死叉,6,2024-06-01,2026-06-16,100000.0,79284.53854000007,-20.72,-11.08,-0.14,31.43,18.2,22,22.74,-0.35,36.1,-56.81,2026-06-21 21:54:50.404494
141,000552,甘肃能化,MACD金叉死叉,6,2024-06-01,2026-06-16,100000.0,79187.50011099997,-20.81,-11.36,-0.58,23.83,21.1,19,31.36,-0.48,36.1,-56.91,2026-06-21 21:54:52.501827
130,689009,九号公司-WD,双均线交叉,5,2024-06-01,2026-06-16,100000.0,79035.11451400002,-20.96,-11.23,0.08,32.32,33.3,15,43.78,-0.35,36.1,-57.06,2026-06-21 21:54:50.402495
111,000009,中国宝安,MACD金叉死叉,6,2024-06-01,2026-06-16,100000.0,78075.17194699997,-21.92,-11.77,-0.32,36.02,28.6,21,35.63,-0.33,36.1,-58.02,2026-06-21 21:54:48.451129
158,000010,*ST美丽,布林带突破,3,2024-06-01,2026-06-16,100000.0,74904.996943,-25.1,-13.63,0.45,45.68,66.7,6,58.65,-0.3,36.1,-61.19,2026-06-21 21:54:52.507857
132,000019,深粮控股,MACD金叉死叉,6,2024-06-01,2026-06-16,100000.0,70219.209994,-29.78,-16.38,0.09,35.64,32.0,25,30.67,-0.46,36.1,-65.88,2026-06-21 21:54:50.403494
121,000008,神州高铁,双均线交叉,5,2024-06-01,2026-06-16,100000.0,66881.91214299995,-33.12,-18.42,0.41,57.84,27.8,18,44.97,-0.32,36.1,-69.22,2026-06-21 21:54:50.398982
142,000552,甘肃能化,双均线交叉,5,2024-06-01,2026-06-16,100000.0,65695.06768600005,-34.3,-19.51,-0.58,39.71,15.8,19,31.36,-0.49,36.1,-70.4,2026-06-21 21:54:52.501827
102,000030,富奥股份,MACD金叉死叉,6,2024-06-01,2026-06-16,100000.0,63812.13056800006,-36.19,-20.34,-0.27,41.27,25.0,24,32.1,-0.49,36.1,-72.29,2026-06-21 21:54:48.450130
114,000012,南  玻Ａ,MACD金叉死叉,6,2024-06-01,2026-06-16,100000.0,58107.87616999996,-41.89,-24.02,-0.28,47.28,26.1,23,28.8,-0.51,36.1,-77.99,2026-06-21 21:54:48.452127
101,000002,万  科Ａ,布林带突破,3,2024-06-01,2026-06-16,100000.0,50522.836974,-49.48,-29.21,-1.17,51.63,12.5,8,37.71,-0.57,36.1,-85.58,2026-06-21 21:54:48.449082
