date,oid,time,Weightiness,Content,CountryName,CountryCode,Previous,Predict,CurrentValue,ColumnCode,Area,FinancialEvent,Flag
2026-06-17,17816256000003720,00:00,2,5月新屋价格指数(年率),加拿大,,-2.3%,,,9496,,,http://dldir1.qq.com/dlomg/istock/img/gzGSPTSE.png
2026-06-17,17816256000003721,00:00,2,6月Rightmove平均房屋要价指数(月率),英国,,1.2%,,,9528,,,http://dldir1.qq.com/dlomg/istock/img/gzFTSE.png
2026-06-17,17816256000003722,00:00,2,6月Rightmove平均房屋要价指数(年率),英国,,-0.3%,,,9529,,,http://dldir1.qq.com/dlomg/istock/img/gzFTSE.png
2026-06-17,17816367000003775,03:05,2,,欧元区,,,,,,,欧洲央行管委斯莱普恩发表讲话,http://dldir1.qq.com/dlomg/istock/img/EU.png
2026-06-17,17816418000003723,04:30,3,上周API原油库存变化(万桶)(至0612),美国,,-911.9,,-833,9424,,,http://dldir1.qq.com/dlomg/istock/img/US.png
2026-06-17,17816418000003724,04:30,2,上周API汽油库存变化(万桶)(至0612),美国,,-119.1,,247.9,9423,,,http://dldir1.qq.com/dlomg/istock/img/US.png
2026-06-17,17816418000003725,04:30,2,上周API精炼油库存变化(万桶)(至0612),美国,,131.6,,-46.1,9422,,,http://dldir1.qq.com/dlomg/istock/img/US.png
2026-06-17,17816418000003726,04:30,2,上周API库欣地区原油库存变化(万桶)(至0612),美国,,-112.5,,-152.3,9831,,,http://dldir1.qq.com/dlomg/istock/img/US.png
2026-06-17,17816499000003727,06:45,2,第一季度经常帐(十亿纽元),新西兰,,-5.984,-1.110,-1.008,9711,,,http://dldir1.qq.com/dlomg/istock/img/gzNZSE50FG.png
2026-06-17,17816499000003728,06:45,1,第一季度经常帐在GDP占比(年率),新西兰,,-3.70%,-3.70%,-3.60%,9894,,,http://dldir1.qq.com/dlomg/istock/img/gzNZSE50FG.png
2026-06-17,17816538000003729,07:50,2,4月核心机械订单(月率),日本,,-9.4%,0.9%,8.7%,9269,,,http://dldir1.qq.com/dlomg/istock/img/gzN225.png
2026-06-17,17816538000003730,07:50,2,5月商品出口(年率)(海关),日本,,14.8%,16.2%,17.0%,9287,,,http://dldir1.qq.com/dlomg/istock/img/gzN225.png
2026-06-17,17816538000003731,07:50,2,4月核心机械订单(年率),日本,,5.9%,9.3%,15.6%,9267,,,http://dldir1.qq.com/dlomg/istock/img/gzN225.png
2026-06-17,17816538000003732,07:50,2,5月商品进口(年率)(海关),日本,,9.7%,12.8%,12.5%,9294,,,http://dldir1.qq.com/dlomg/istock/img/gzN225.png
2026-06-17,17816538000003733,07:50,2,5月季调后商品贸易帐(十亿日元)(海关),日本,,236.4,-207.0,-90.401,9808,,,http://dldir1.qq.com/dlomg/istock/img/gzN225.png
2026-06-17,17816538000003734,07:50,2,5月未季调商品贸易帐(十亿日元)(海关),日本,,301.9,-564.6,-378.7,9848,,,http://dldir1.qq.com/dlomg/istock/img/gzN225.png
2026-06-17,17816562000003735,08:30,1,5月季调后非石油产品出口(月率),新加坡,,11.0%,,7.7%,8919,,,http://dldir1.qq.com/dlomg/istock/img/gzFTSTI.png
2026-06-17,17816562000003736,08:30,1,5月非石油产品出口(年率),新加坡,,24.5%,30.0%,38.4%,8920,,,http://dldir1.qq.com/dlomg/istock/img/gzFTSTI.png
2026-06-17,17816580000003737,09:00,2,5月西太平洋领先指标(月率),澳大利亚,,0.04%,,-0.04%,9726,,,http://dldir1.qq.com/dlomg/istock/img/gzS51.png
2026-06-17,17816598000003776,09:30,1,,澳大利亚,,,,,,,澳洲联储助理主席琼斯发表讲话,http://dldir1.qq.com/dlomg/istock/img/gzS51.png
2026-06-17,17816760000003738,14:00,3,5月未季调生产者输入物价指数(年率),英国,,7.7%,,8.7%,9344,,,http://dldir1.qq.com/dlomg/istock/img/gzFTSE.png
2026-06-17,17816760000003739,14:00,3,5月未季调生产者输出物价指数(年率),英国,,4.0%,,4.0%,9358,,,http://dldir1.qq.com/dlomg/istock/img/gzFTSE.png
2026-06-17,17816760000003740,14:00,3,5月消费者物价指数(年率),英国,,2.8%,,2.8%,9114,,,http://dldir1.qq.com/dlomg/istock/img/gzFTSE.png
2026-06-17,17816760000003741,14:00,2,5月零售物价指数(年率),英国,,3.0%,,3.1%,9365,,,http://dldir1.qq.com/dlomg/istock/img/gzFTSE.png
2026-06-17,17816760000003742,14:00,2,5月核心零售物价指数(年率),英国,,3.0%,,3.0%,9363,,,http://dldir1.qq.com/dlomg/istock/img/gzFTSE.png
2026-06-17,17816760000003743,14:00,2,5月核心消费者物价指数(年率),英国,,2.5%,,2.6%,9362,,,http://dldir1.qq.com/dlomg/istock/img/gzFTSE.png
2026-06-17,17816760000003744,14:00,2,5月未季调核心生产者输出物价指数(年率),英国,,2.4%,,2.3%,9350,,,http://dldir1.qq.com/dlomg/istock/img/gzFTSE.png
2026-06-17,17816760000003745,14:00,2,5月未季调生产者输出物价指数(月率),英国,,1.4%,,0.5%,9356,,,http://dldir1.qq.com/dlomg/istock/img/gzFTSE.png
2026-06-17,17816760000003746,14:00,2,5月核心消费者物价指数(月率),英国,,0.7%,0.4%,0.3%,8808,,,http://dldir1.qq.com/dlomg/istock/img/gzFTSE.png
2026-06-17,17816760000003747,14:00,2,5月消费者物价指数(月率),英国,,0.7%,,0.2%,9115,,,http://dldir1.qq.com/dlomg/istock/img/gzFTSE.png
2026-06-17,17816760000003748,14:00,2,5月核心零售物价指数(月率),英国,,0.8%,,0.2%,9804,,,http://dldir1.qq.com/dlomg/istock/img/gzFTSE.png
2026-06-17,17816760000003749,14:00,2,5月未季调生产者输入物价指数(月率),英国,,2.4%,,0.2%,9345,,,http://dldir1.qq.com/dlomg/istock/img/gzFTSE.png
2026-06-17,17816760000003750,14:00,2,5月零售物价指数(月率),英国,,0.7%,,0.2%,9366,,,http://dldir1.qq.com/dlomg/istock/img/gzFTSE.png
2026-06-17,17816814000003777,15:30,2,,瑞典,,,,,,,瑞典央行公布利率决议,http://dldir1.qq.com/dlomg/istock/img/SE.png
2026-06-17,17816832000003774,16:00,3,,法国,,,,,,,IEA公布月度原油市场报告,http://dldir1.qq.com/dlomg/istock/img/gzFCHI.png
2026-06-17,17816850000003751,16:30,3,附买回利率,瑞典,,1.75%,1.75%,1.75%,9060,,,http://dldir1.qq.com/dlomg/istock/img/SE.png
2026-06-17,17816868000003752,17:00,3,5月消费者物价指数终值(年率),欧元区,,3.2%,3.2%,3.2%,10257,,,http://dldir1.qq.com/dlomg/istock/img/EU.png
2026-06-17,17816868000003753,17:00,3,5月消费者物价指数终值(月率),欧元区,,0.1%,0.1%,0.1%,10254,,,http://dldir1.qq.com/dlomg/istock/img/EU.png
2026-06-17,17816868000003754,17:00,2,5月核心消费者物价指数终值(年率),欧元区,,2.3%,2.3%,2.3%,10026,,,http://dldir1.qq.com/dlomg/istock/img/EU.png
2026-06-17,17816868000003755,17:00,2,5月核心消费者物价指数终值(月率),欧元区,,0.3%,0.3%,0.3%,10095,,,http://dldir1.qq.com/dlomg/istock/img/EU.png
2026-06-17,17816868000003778,17:00,2,,瑞典,,,,,,,瑞典央行召开货币政策新闻发布会,http://dldir1.qq.com/dlomg/istock/img/SE.png
2026-06-17,17816940000003756,19:00,1,上周MBA抵押贷款再融资活动指数(至0612),美国,,848.7,,810.2,9418,,,http://dldir1.qq.com/dlomg/istock/img/US.png
2026-06-17,17816940000003757,19:00,1,上周MBA30年期固定抵押贷款利率(至0612),美国,,6.6%,,6.6%,9421,,,http://dldir1.qq.com/dlomg/istock/img/US.png
2026-06-17,17816940000003758,19:00,1,上周MBA抵押贷款申请活动指数(至0612),美国,,280.1,,269.5,9419,,,http://dldir1.qq.com/dlomg/istock/img/US.png
2026-06-17,17816940000003759,19:00,1,上周MBA抵押贷款购买指数(至0612),美国,,176.9,,170.8,9420,,,http://dldir1.qq.com/dlomg/istock/img/US.png
2026-06-17,17816994000003760,20:30,3,5月零售销售(月率),美国,,0.5%,0.5%,0.9%,8657,,,http://dldir1.qq.com/dlomg/istock/img/US.png
2026-06-17,17816994000003761,20:30,2,5月新屋价格指数(月率),加拿大,,-0.4%,,-0.3%,9497,,,http://dldir1.qq.com/dlomg/istock/img/gzGSPTSE.png
2026-06-17,17816994000003762,20:30,2,5月核心零售销售(月率),美国,,0.7%,0.5%,0.8%,8658,,,http://dldir1.qq.com/dlomg/istock/img/US.png
2026-06-17,17816994000003763,20:30,2,5月零售销售(亿美元),美国,,7570.85,,,4011,,,http://dldir1.qq.com/dlomg/istock/img/US.png
2026-06-17,17816994000003764,20:30,2,5月核心零售销售(亿美元),美国,,6178.56,,,9308,,,http://dldir1.qq.com/dlomg/istock/img/US.png
