code,market,name,close,change_pct,turnover_pct,volume,amount,dde_net,reason,date
301176,sz,逸豪新材,,,,,,,PCB铜箔+AI算力+产能扩张,2026-06-16
600615,sh,鑫源智造,,,,,,,智能割草机器人+无人割草机+农机+轻量化,2026-06-16
002774,sz,快意电梯,,,,,,,旧梯更新+电梯+出口,2026-06-16
605255,sh,天普股份,,,,,,,中昊芯英入主+汽车管路+多次风险提示,2026-06-16
002303,sz,美盈森,,,,,,,包装一体化+新能源包装+海外产能,2026-06-16
603838,sh,*ST四通,,,,,,,摘帽申请+锆钛矿+产能扩建,2026-06-16
000677,sz,ST海龙,,,,,,,ST板块+董事长增持+拟收购群健航空+帘子布,2026-06-16
688484,sh,南芯科技,,,,,,,可转债发行+AI算力电源+芯片,2026-06-16
603078,sh,江化微,,,,,,,上海国资拟入主+G5湿电子化学品+存储芯片,2026-06-16
002726,sz,ST龙大,,,,,,,食品研发+下修转债价格,2026-06-16
300068,sz,ST南都,,,,,,,数据中心电源+储能+ST板块,2026-06-16
000034,sz,神州数码,,,,,,,华为昇腾+AI算力+存储芯片,2026-06-16
688635,sh,长进光子,,,,,,,AI光通信+特种光纤+商业航天+次新,2026-06-16
000564,sz,供销大集,,,,,,,股份回购+零售+供销社+海南自贸港,2026-06-16
300964,sz,本川智能,,,,,,,AI服务器电源+PCB+机器人,2026-06-16
600052,sh,东望时代,,,,,,,拟购科冠聚合物+高阻隔PVDC乳液+锂电池,2026-06-16
603271,sh,永杰新材,,,,,,,重大资产重组+锂电池,2026-06-16
603045,sh,福达合金,,,,,,,AI数据中心+电接触材料+一季报扭亏+贵金属循环,2026-06-16
002008,sz,大族激光,,,,,,,AI算力PCB+一季报增长+半导体设备+商业航天,2026-06-16
600228,sh,返利科技,,,,,,,摘帽+在线导购+苹果概念,2026-06-16
002734,sz,利民股份,,,,,,,业绩大增+锂电池+农药出海,2026-06-16
603260,sh,合盛硅业,,,,,,,碳化硅+有机硅+硅基新材料,2026-06-16
605588,sh,冠石科技,,,,,,,光掩膜版+半导体产业链+半导体显示,2026-06-16
002729,sz,好利科技,,,,,,,数据中心AIDC+熔断器+储能,2026-06-16
002672,sz,东江环保,,,,,,,稀贵金属+危废资源化+广东国资+氟化工,2026-06-16
000679,sz,大连友谊,,,,,,,零售+跨境电商+一季报营收增长,2026-06-16
603949,sh,雪龙集团,,,,,,,电子风扇+商用车热管理+间接投资宇树科技,2026-06-16
603861,sh,白云电器,,,,,,,AIDC高压直流+变压器出海+股份回购,2026-06-16
002436,sz,兴森科技,,,,,,,1.6T光模块+CSP封装基板+FCBGA封装基板,2026-06-16
301055,sz,张小泉,,,,,,,重整落地+厨房五金+业绩高增,2026-06-16
603989,sh,艾华集团,,,,,,,MLPC+AI服务器+铝电解电容+薄膜电容,2026-06-16
600888,sh,新疆众和,,,,,,,铝电子新材料+半导体上游+氧化铝项目+一季度净利增,2026-06-16
300931,sz,通用电梯,,,,,,,电梯后市场+旧楼加装+智慧城市,2026-06-16
002691,sz,*ST冀凯,,,,,,,煤矿机器人+3D打印+保壳,2026-06-16
301000,sz,肇民科技,,,,,,,人形机器人+可转债过会+精密注塑,2026-06-16
603042,sh,华脉科技,,,,,,,光纤光缆+分红送转+解除质押,2026-06-16
600186,sh,莲花控股,,,,,,,算力+阶跃星辰投资+半导体材料+调味品龙头,2026-06-16
603125,sh,常青科技,,,,,,,光刻胶上游材料+风电+券商看好,2026-06-16
001266,sz,宏英智能,,,,,,,储能+智能电控+算电一体化+一季报增长,2026-06-16
002806,sz,华锋股份,,,,,,,超级电容用材料+铝箔材+SiC控制器+实控人变更,2026-06-16
002993,sz,奥海科技,,,,,,,AI服务器电源+机器人电源+股权激励,2026-06-16
002581,sz,*ST未名,,,,,,,生物医药+创新药研发+ST板块,2026-06-16
603256,sh,宏和科技,,,,,,,电子布涨价+特种电子布+AI算力,2026-06-16
600180,sh,*ST瑞茂,,,,,,,ST板块+海外煤炭+超跌反弹,2026-06-16
002805,sz,丰元股份,,,,,,,磷酸铁锂+定增扩产+一季报扭亏,2026-06-16
002227,sz,*ST特迅,,,,,,,充电桩+储能+虚拟电厂+一季报增长,2026-06-16
603663,sh,三祥新材,,,,,,,锆铪分离+锆系新材+半导体上游+固态电池,2026-06-16
002910,sz,庄园牧场,,,,,,,乳业+宠物经济+国企改革,2026-06-16
600105,sh,永鼎股份,,,,,,,光芯片+光纤光缆+超导带材,2026-06-16
001387,sz,雪祺电气,,,,,,,PCB概念+境外营收增长+大冰箱ODM,2026-06-16
300145,sz,南方泵业,,,,,,,液冷泵+送样+泵业龙头+国企,2026-06-16
002346,sz,柘中股份,,,,,,,成套开关设备+应用于集成电路+订单增长,2026-06-16
600458,sh,时代新材,,,,,,,半导体材料+超级电容+风电出海+央企,2026-06-16
300843,sz,胜蓝股份,,,,,,,数据中心连接器+中标高速线缆+液冷+机器人,2026-06-16
002058,sz,威尔泰,,,,,,,铝塑膜+摘帽+业绩增长,2026-06-16
002080,sz,中材科技,,,,,,,电子布涨价+AI算力+央企,2026-06-16
601020,sh,华钰矿业,,,,,,,锑资源+黄金+小金属+控制权拟变更,2026-06-16
603318,sh,水发燃气,,,,,,,AI数据中心燃气轮机+氦气+国企,2026-06-16
601208,sh,东材科技,,,,,,,高速电子树脂+覆铜板上游+一季报增长,2026-06-16
002931,sz,锋龙股份,,,,,,,优必选入主+机器人概念+园林机械零部件,2026-06-16
000029,sz,深深房A,,,,,,,房地产+权益分派+深圳国资,2026-06-16
603803,sh,瑞斯康达,,,,,,,算力交换机+光网络+一季报扭亏,2026-06-16
603773,sh,沃格光电,,,,,,,TGV玻璃基板+先进封装+PET铜箔,2026-06-16
603196,sh,璞源材料,,,,,,,锂电池粘结剂+PAA+产能释放+一季报增长,2026-06-16
002484,sz,江海股份,,,,,,,AI服务器电源+超级电容+浙江国资,2026-06-16
603721,sh,中广天择,,,,,,,AI漫剧+AI语料+长沙国资,2026-06-16
002989,sz,中天精装,,,,,,,FCBGA封装基板+HBM+半导体转型,2026-06-16
002927,sz,泰永长征,,,,,,,固态断路器+AIDC+数据中心应用,2026-06-16
001283,sz,豪鹏科技,,,,,,,定增审核通过+储能电池+AI眼镜电池+机器人,2026-06-16
603166,sh,福达股份,,,,,,,机器人+减速器+新能源电驱齿轮,2026-06-16
000048,sz,京基智农,,,,,,,生猪养殖+机器人+总裁受让股份,2026-06-16
603002,sh,宏昌电子,,,,,,,高速覆铜板+环氧树脂+先进封装,2026-06-16
603407,sh,长裕集团,,,,,,,氧氯化锆+陶瓷载板+光通讯+业绩增长,2026-06-16
002082,sz,ST万邦,,,,,,,石杉碱甲+股权转让+一季报增长,2026-06-16
600370,sh,*ST三房,,,,,,,董事长离任+拍卖暂缓+扭亏为盈+聚酯产业链,2026-06-16
603191,sh,望变电气,,,,,,,AI数据中心+变压器+取向硅钢+华为超充,2026-06-16
002217,sz,合力泰,,,,,,,电子纸+算力租赁+PCB概念+福建国资,2026-06-16
605166,sh,聚合顺,,,,,,,尼龙+专精特新+出海,2026-06-16
002141,sz,贤丰控股,,,,,,,覆铜板+PCB上游+扭亏为盈,2026-06-16
000032,sz,深桑达A,,,,,,,半导体洁净室+中国电子云增资+AI算力,2026-06-16
002700,sz,万憬能源,,,,,,,天然气+燃气特许经营+国产气源,2026-06-16
920083,sz,金戈新材,,,,,,,次新股+高速光模块导热应用+导热粉体,2026-06-16
002645,sz,华宏科技,,,,,,,稀土永磁+机器人概念+一季报增长,2026-06-16
002782,sz,可立克,,,,,,,AI算力电源+数据中心+机器人,2026-06-16
605289,sh,罗曼股份,,,,,,,AI算力+定增算力项目+液冷,2026-06-16
600392,sh,盛和资源,,,,,,,稀土+小金属概念+收购江阴加华+央企,2026-06-16
603175,sh,超颖电子,,,,,,,AI算力PCB+存储芯片,2026-06-16
600397,sh,江钨装备,,,,,,,钨钽并购+磁选装备+江西国资,2026-06-16
002824,sz,和胜股份,,,,,,,电池结构件+折叠屏+一季报增长,2026-06-16
002194,sz,武汉凡谷,,,,,,,6G预研+滤波器+商业航天,2026-06-16
600545,sh,卓郎智能,,,,,,,玻纤设备+华为合作+纺织机械,2026-06-16
605006,sh,山东玻纤,,,,,,,电子布涨价+风电纱+山东国资,2026-06-16
002990,sz,盛视科技,,,,,,,算力产业合作协议+人形机器人+智慧口岸,2026-06-16
002885,sz,京泉华,,,,,,,电源类产品+磁性元器件+数据中心+储能,2026-06-16
301099,sz,雅创电子,,,,,,,MLCC分销+存储芯片+人形机器人,2026-06-16
600206,sh,有研新材,,,,,,,半导体靶材+存储芯片+央企,2026-06-16
002446,sz,盛路通信,,,,,,,商业航天+6G+回购,2026-06-16
603115,sh,海星股份,,,,,,,AI服务器电极箔+市占率第一+业绩增长,2026-06-16
601636,sh,旗滨集团,,,,,,,玻璃基板+光伏玻璃+浮法玻璃,2026-06-16
601179,sh,中国西电,,,,,,,特高压中标+输配电设备+央企,2026-06-16
600192,sh,长城电工,,,,,,,输变电设备+核电+一带一路+国企改革,2026-06-16
600549,sh,厦门钨业,,,,,,,钨全产业链+一季报高增+福建国资,2026-06-16
002630,sz,*ST华西,,,,,,,环保锅炉+垃圾焚烧发电+ST板块,2026-06-16
000970,sz,中科三环,,,,,,,人形机器人+轴向磁通电机+稀土永磁+中科院,2026-06-16
603618,sh,杭电股份,,,,,,,光纤涨价+PET铜箔+特高压,2026-06-16
603516,sh,淳中科技,,,,,,,自研ASIC芯片+液冷服务器+参投沐曦+一季报扭亏,2026-06-16
300780,sz,德恩精工,,,,,,,商业航天+工业机器人+通用设备,2026-06-16
000736,sz,中交发展,,,,,,,更名+轻资产运营+物业服务+数据中心,2026-06-16
000012,sz,南玻A,,,,,,,电子玻璃+光伏玻璃+节能玻璃,2026-06-16
000541,sz,佛山照明,,,,,,,LED+智能照明+国企改革,2026-06-16
603959,sh,ST百利,,,,,,,股权拍卖+重整预期+人形机器人+锂电池,2026-06-16
002552,sz,宝鼎科技,,,,,,,覆铜板+电子铜箔+黄金采选+Q1业绩大增,2026-06-16
000791,sz,甘肃能源,,,,,,,拟129亿投建新能源+东数西算绿电+综合能源,2026-06-16
603169,sh,兰石重装,,,,,,,能源装备交付+可控核聚变+锂电池,2026-06-16
002851,sz,麦格米特,,,,,,,AI电源+英伟达+H股发行,2026-06-16
001257,sz,盛龙股份,,,,,,,以钼代钨+钼业龙头+洛阳国资,2026-06-16
002515,sz,金字火腿,,,,,,,光通信芯片+火腿龙头+休闲食品+分红实施,2026-06-16
002193,sz,ST如意,,,,,,,ST摘帽预期+精纺呢绒+外销占比高,2026-06-16
603186,sh,华正新材,,,,,,,覆铜板+AI算力+定增扩产,2026-06-16
002585,sz,双星新材,,,,,,,MLCC离型膜+复合铜箔+扭亏为盈,2026-06-16
002047,sz,宝鹰股份,,,,,,,股权转让获批+光耦合器+摘帽,2026-06-16
603922,sh,ST金鸿顺,,,,,,,超跌反弹+一季度业绩增长+汽车零部件,2026-06-16
600500,sh,中化国际,,,,,,,收购南通星辰+PPE树脂+覆铜板上游+央企,2026-06-16
002977,sz,*ST天箭,,,,,,,资产重组澄清+军工电子+商业航天+第三代半导体,2026-06-16
002735,sz,王子新材,,,,,,,薄膜电容+可控核聚变+无线充电,2026-06-16
002207,sz,*ST准油,,,,,,,油服+国企改革+一季报增长,2026-06-16
600110,sh,诺德股份,,,,,,,铜箔+HVLP+固态电池+满产满销,2026-06-16
002160,sz,常铝股份,,,,,,,复牌+济南起步区管委会入主+锂电池+空调箔,2026-06-16
605198,sh,安德利,,,,,,,拟跨界收购+覆铜板+浓缩果汁,2026-06-16
600678,sh,ST金顶,,,,,,,诉讼和解+摘帽预期+石灰石+洛阳国资,2026-06-16
600753,sh,ST海钦,,,,,,,撤销退市风险警示+液化石油气+改性塑料+一季报扭亏,2026-06-16
600353,sh,旭光电子,,,,,,,氮化铝+韩国客户+真空灭弧室+可控核聚变,2026-06-16
002741,sz,光华科技,,,,,,,PCB化学品+AI算力+股权激励,2026-06-16
002449,sz,国星光电,,,,,,,光耦器件+LED封装+华为合作+广东国资,2026-06-16
002514,sz,*ST宝馨,,,,,,,超跌反弹+澄清借壳传闻+精密钣金,2026-06-16
000777,sz,中核科技,,,,,,,中核集团旗下+核电阀门+控股股东增持,2026-06-16
600537,sh,*ST亿晶,,,,,,,预重整+签订投资协议+光伏组件,2026-06-16
002055,sz,ST得润,,,,,,,解除查封+高速连接器+CPU Socket,2026-06-16
